Object,Part number,Description,Rolling quantity,Custom quantity,Evidence
P8264,8264,8264 | Tapered aluminium chassis,1,0,PUBLISHED overall 446 x 132 x 3 mm; ESTIMATED outline and all hole coordinates; end kick-up omitted
P8170,8170,8170 | Front lower webbed arm,2,0,ESTIMATED: dimensions / holes / outline from reference images; not a replacement drawing
P8169,8169,8169 | Rear lower webbed arm,2,0,ESTIMATED: dimensions / holes / outline from reference images; not a replacement drawing
P8160,8160,8160 | Front upper A arm,2,0,ESTIMATED: dimensions / holes / outline from reference images; not a replacement drawing
P8162,8162,8162 | Rear upper A arm,2,0,ESTIMATED: dimensions / holes / outline from reference images; not a replacement drawing
P8261,8261,8261 | Front shock tower,1,0,ESTIMATED: dimensions / holes / outline from reference images; not a replacement drawing
P8262,8262,8262 | Rear shock tower,1,0,ESTIMATED: dimensions / holes / outline from reference images; not a replacement drawing
P8025,8025,8025 | Differential gearbox envelope,2,0,ESTIMATED: dimensions / holes / outline from reference images; not a replacement drawing
P8046,8046,8046 | Front lower pivot mount,2,0,ESTIMATED: dimensions / holes / outline from reference images; not a replacement drawing
P8045,8045,8045 | Rear lower pivot mount,2,0,ESTIMATED: dimensions / holes / outline from reference images; not a replacement drawing
P8051,8051,8051 | Rear hub carrier,2,0,ESTIMATED: dimensions / holes / outline from reference images; not a replacement drawing
P8052,8052,8052 | Front steering cup,2,0,ESTIMATED: dimensions / holes / outline from reference images; not a replacement drawing
P8037,8037,8037 | Front C mount,2,0,ESTIMATED: dimensions / holes / outline from reference images; not a replacement drawing
P8068,8068,8068 | 17 mm wheel hex,4,0,PUBLISHED 17 mm across flats; assumed thickness 7 mm; axle hole 8 mm from bearing interface
P8073,8073,8073 | 16 x 8 x 5 bearing,4,0,MANUAL p25: 16 x 8 x 5 mm
P8317Body,8317,8317 | Shock body / cap,2,0,"PUBLISHED eye spacing 110.0 mm, max diameter 25 mm; internal proportions estimated; source S4"
P8317Shaft,8317-shaft,8317-shaft | Shock shaft,2,0,ESTIMATED: dimensions / holes / outline from reference images; not a replacement drawing
P8317Eyes,8317-eyes,8317-eyes | Shock eyelets,2,0,PUBLISHED eye centre spacing 110.0 mm / hole diameter 3 mm; end shape simplified
P8317Spring,8319,8319 | Shock coil spring,2,0,"ESTIMATED wire diameter / pitch; visual representation, no spring-rate specification"
P8317Seat,8317-seats,8317-seats | Spring seats,2,0,ESTIMATED: dimensions / holes / outline from reference images; not a replacement drawing
P8318Body,8318,8318 | Shock body / cap,2,0,"PUBLISHED eye spacing 132.0 mm, max diameter 25 mm; internal proportions estimated; source S4"
P8318Shaft,8318-shaft,8318-shaft | Shock shaft,2,0,ESTIMATED: dimensions / holes / outline from reference images; not a replacement drawing
P8318Eyes,8318-eyes,8318-eyes | Shock eyelets,2,0,PUBLISHED eye centre spacing 132.0 mm / hole diameter 3 mm; end shape simplified
P8318Spring,8320,8320 | Shock coil spring,2,0,"ESTIMATED wire diameter / pitch; visual representation, no spring-rate specification"
P8318Seat,8318-seats,8318-seats | Spring seats,2,0,ESTIMATED: dimensions / holes / outline from reference images; not a replacement drawing
P8175,8175,8175 | 145 x 69 tire envelope,4,0,PUBLISHED OD145 / width69 mm; ID87 from hub spec; tread simplified
P8174,8174,8174 | Wheel rim,4,0,PUBLISHED 87 mm nominal hub/rim interface; rim offset and spoke pattern estimated
Drive_FR,8158,8158 | FR wheel drive shaft,1,0,PUBLISHED diameter5; length/placement estimated
Drive_FL,8158,8158 | FL wheel drive shaft,1,0,PUBLISHED diameter5; length/placement estimated
Drive_RR,8159,8159 | RR wheel drive shaft,1,0,PUBLISHED diameter5; length/placement estimated
Drive_RL,8159,8159 | RL wheel drive shaft,1,0,PUBLISHED diameter5; length/placement estimated
P8156,8156,8156 | Center differential envelope,1,0,ESTIMATED envelope; 46T spur represented as blank disk; gear teeth/internals omitted
P8428,8428,8428 | Center differential support plate,2,0,"MANUAL p26 part identification; support profile, height and hole placement estimated"
P8008,8008,8008 | Front/rear differential assembly,2,0,MANUAL p24 identifies 8008; outer geometry estimated; bevel and planetary teeth omitted
CenterShaftN1,8157,8157 | Longitudinal shaft,1,0,PUBLISHED diameter5; shaft length estimated
BraceN1,8266,8266 | Chassis support brace,1,0,ESTIMATED: dimensions / holes / outline from reference images; not a replacement drawing
CenterShaft1,8157,8157 | Longitudinal shaft001,1,0,PUBLISHED diameter5; shaft length estimated
Brace1,8267,8267 | Chassis support brace,1,0,ESTIMATED: dimensions / holes / outline from reference images; not a replacement drawing
P8426,8426,8426 | Open battery tray,1,0,ESTIMATED 155 x 54 envelope from photo; exact battery fit unknown
Servo35kg,DS-R003B,DS-R003B | 35 kgf.cm waterproof metal-gear steering servo,1,0,"MANUFACTURER 40 x 20 x 42 mm body; 35 kgf.cm stall torque, waterproof, steel gear; mounting ears/holes estimated"
ServoBracket,CUSTOM-S01,CUSTOM-S01 | Servo mounting cradle,1,0,CUSTOM mounting proposal; body clearance provided; OEM chassis attachment not resolved
ServoHorn,CUSTOM-S02,CUSTOM-S02 | Servo horn,1,0,ESTIMATED arm shape; spline and linkage geometry unverified
P8028,8028,8028 | Steering bellcrank envelope,2,0,ESTIMATED: dimensions / holes / outline from reference images; not a replacement drawing
SteerLink,8161,8161 | Steering tie rods,1,0,ESTIMATED: dimensions / holes / outline from reference images; not a replacement drawing
ServoDragLink,8020,8020 | Servo drag link,1,0,ESTIMATED: dimensions / holes / outline from reference images; not a replacement drawing
BumperFront,CUSTOM-B1,CUSTOM-B1 | Front protective extension,1,0,CUSTOM extensions to overall length550; not ZD original bumper; attachment design provisional
BumperRear,CUSTOM-BN1,CUSTOM-BN1 | Rear protective extension,1,0,CUSTOM extensions to overall length550; not ZD original bumper; attachment design provisional
CustomDeck,CUSTOM-D01,CUSTOM-D01 | 400 x 300 sensor deck,0,1,"CUSTOM: reference image deck length/width; thickness, heights and holes provisional"
CustomPost,CUSTOM-D02,CUSTOM-D02 | Deck standoff,0,4,CUSTOM: geometry only; attachment to OEM holes not resolved
