품목,제조사품번,판매점상품코드,예상구매단위,단가원,선정상태,웹주문표시,실재고확인,미확인사항,구매링크
전륜 상부암,AR330218,ARAC9025,1쌍,9400,주요 후보,주문버튼 있음,미확인,피벗 좌표/허용 하중 미확인,https://buyrc.co.kr/product/product_detail.asp?product_number=99085
전륜 하부암,AR330219,ARAC9024,1쌍,19000,주요 후보,주문버튼 있음,미확인,피벗 좌표/허용 하중 미확인,https://buyrc.co.kr/product/product_detail.asp?product_number=99084
후륜 하부암,AR330249,ARAC9026,2개,12500,주요 후보,주문버튼 있음,미확인,후륜 상부는 암 대신 캠버 링크 구성,https://buyrc.co.kr/product/product_detail.asp?product_number=99086
전륜 조향 블록,AR330505,ARAC9366,2개,13500,주요 후보,주문버튼 있음,미확인,피벗볼/베어링/액슬 조합 확인 필요,https://buyrc.co.kr/product/product_detail.asp?product_number=99103
후륜 허브,AR330404,ARAC5042,2개,14500,주요 후보,주문버튼 있음,미확인,베어링 간격/컵 접속 치수 미확인,https://buyrc.co.kr/product/product_detail.asp?product_number=99047
전륜 CVD 샤프트,AR310458,ARAC3982,2개,44300,주요 후보,주문버튼 있음,미확인,표기142mm는 전체 액슬 조립 길이로 사용하지 말 것,https://buyrc.co.kr/product/product_detail.asp?product_number=99029
전륜 CVD 액슬,AR310590,ARAC3981,2개,25200,주요 후보,주문버튼 있음,미확인,표기8×44.5mm; 동반 CV 핀 등 필요,https://buyrc.co.kr/product/product_detail.asp?product_number=99028
CV 리빌드 부속,AR310452,ARAC3990,2개용,19300,주요 후보,주문버튼 있음,미확인,샤프트/액슬 조립 부속,https://buyrc.co.kr/product/product_detail.asp?product_number=99031
후륜 도그본,AR310459,ARAC4034,2개,28000,기본 경로 후보,주문버튼 있음,미확인,139mm; 양쪽 컵에서 현가 각도와 축방향 여유 필요,https://buyrc.co.kr/product/product_detail.asp?product_number=99041
후륜 휠 액슬,AR310591,ARAC9421,2개,28000,기본 경로 후보,주문버튼 있음,미확인,8×45mm; 허브/컵 접속 확인,https://buyrc.co.kr/product/product_detail.asp?product_number=99110
후륜 CVD 옵션,MAK140RS-BK,MAK140RS-BK,포장수 확인,38000,대안; 기본 후륜축과 중복 구매 금지,주문버튼 있음,미확인,핀/컵/허브 호환 및 허용토크 확인,https://buyrc.co.kr/product/product_detail.asp?product_number=116862
후륜 휠 헥스,AR310447,ARAC9413,1팩(2개),12500,주요 후보,주문버튼 있음,미확인,후륜 전용 후보; 실물 오프셋 미확인,https://buyrc.co.kr/product/product_detail.asp?product_number=99198
휠 너트,AR310449,ARAC9763,4개,13000,주요 후보,주문버튼 있음,미확인,액슬 체결 규격 확인,https://buyrc.co.kr/product/product_detail.asp?product_number=99120
벨크랭크,AR340073,ARAC9360,1세트,10600,주요 후보,주문버튼 있음,미확인,지지포스트/조향판/세이버 부속 필요,https://buyrc.co.kr/product/product_detail.asp?product_number=99098
조향판,AR340072,ARAC9363,포장수 확인,11500,주요 후보,주문버튼 있음,미확인,벨크랭크 간격 재구성 전 형상 확인,https://buyrc.co.kr/product/product_detail.asp?product_number=99100
조향 포스트,AR340066,ARAC9364,2개,10600,주요 후보,주문버튼 있음,미확인,3×45mm 표기,https://buyrc.co.kr/product/product_detail.asp?product_number=99101
조향 스텝스크루,AR340062,ARAC9367,2개,8200,주요 후보,주문버튼 있음,미확인,3×14mm 표기,https://buyrc.co.kr/product/product_detail.asp?product_number=99104
전륜 타이로드,AR340071,ARAC9389,2개,13000,주요 후보,주문버튼 있음,미확인,M4×95mm 표기; 최종 타이로드 길이 아님,https://buyrc.co.kr/product/product_detail.asp?product_number=99106
후륜 캠버 링크,AR330221,ARAC9393,2개,10600,주요 후보,주문버튼 있음,미확인,M5×89mm 표기; 볼컵 포함 길이 별도,https://buyrc.co.kr/product/product_detail.asp?product_number=99107
볼컵,AR330230,ARAC3070,필요수량 확인,14000,주요 후보,주문버튼 있음,미확인,볼/체결 나사 함께 확정,https://buyrc.co.kr/product/product_detail.asp?product_number=99009
상부 힌지핀,AR330380,ARAC5030,2개,9500,주요 후보,주문버튼 있음,미확인,4×46mm 표기,https://buyrc.co.kr/product/product_detail.asp?product_number=99044
하부 힌지핀,AR330381,ARAC5032,필요 팩수 확인,12000,주요 후보,주문버튼 있음,미확인,4×67.5mm 표기,https://buyrc.co.kr/product/product_detail.asp?product_number=99045
쇼크 스탠드오프,AR330482,ARAC8966,4개,17400,주요 후보,주문버튼 있음,미확인,가공 타워의 장착 인터페이스,https://buyrc.co.kr/product/product_detail.asp?product_number=99076
전륜 조립 쇼크,MAK115FAA-R-S,MAK115FAA-R-S,2개/세트 여부 최종 확인,39200,주요 후보,주문버튼 있음,미확인,115mm 표기; 최소길이/스프링 강성/정격하중 미확인,https://buyrc.co.kr/product/product_detail.asp?product_number=107520
후륜 조립 쇼크,MAK135RAA-R-S,MAK135RAA-R-S,2개/세트 여부 최종 확인,41600,주요 후보,주문버튼 있음,미확인,135mm 표기; 최소길이/스프링 강성/정격하중 미확인,https://buyrc.co.kr/product/product_detail.asp?product_number=107221
조향 서보,RC935DMG,RC935DMG,1개,25700,판매점 후보,주문버튼 있음,미확인,35kg급 방수/메탈기어는 판매점 표기; 전압별 토크/25T 여부/외형 확인,https://buyrc.co.kr/product/product_detail.asp?product_number=124575
구동모터,AXE 4274 R3 1700KV / 30401401,30401401,4모터 구조이나 수량 구매 보류,158000,감속기 미선정으로 보류,주문버튼 있음,미확인,감속모터 아님; 엔코더 주행제어 및 감속기 별도 검토,https://buyrc.co.kr/product/product_detail.asp?product_number=125482
ESC,AXE PLUS R3 / 30113201,30113201,모터와 함께 구매 보류,185000,감속기 미선정으로 보류,주문버튼 있음,미확인,4개 독립 구동 채널/모터별 ESC 필요,https://buyrc.co.kr/product/product_detail.asp?product_number=125481
휠·타이어,미선정,,,,미완료,,미확인,17mm 허브와 오프셋/외경 확정 필요,
모터용 감속기,미선정,,,,미완료,,미확인,buyrc에서 적합한 4모터용 감속기 아직 확인 못함,
모터 출력컵·지지 베어링,미선정,,,,미완료,,미확인,RC 차동기어를 제거하므로 출력컵 독립 지지 구조 필요,
스프링,미선정,,,,미완료,,미확인,적재 포함 질량/모션비/차고 계산 후 확정,
베어링·피벗볼·세이버스프링·나사,미선정,,,,미완료,,미확인,기준 차종 분해도와 품번/수량 완결 필요,
샤시·타워·모터 지지대,미선정,,,,미완료,,미확인,별도 가공; 구매 샤시는 사용하지 않음,
전륜 휠 헥스,AR310484,,1팩(2개),,제조사 분해도 대조 후보,목록 확인; 상세 주문상태 미확인,미확인,17/16.5mm; 오프셋 미확인,https://buyrc.co.kr/product/product_detail.asp?product_number=99109
허브 내측 베어링,AR610018,,2팩(4개),,제조사 분해도 대조 후보,목록 확인; 상세 주문상태 미확인,미확인,15×21×4mm; 축간격 미확인,https://buyrc.co.kr/product/product_detail.asp?product_number=99015
허브 외측 베어링,AR610016,,2팩(4개),,제조사 분해도 대조 후보,목록 확인; 상세 주문상태 미확인,미확인,8×16×5mm; 축간격 미확인,https://buyrc.co.kr/product/product_detail.asp?product_number=99013
전륜 피벗볼,AR330197,,2팩(4개),,제조사 분해도 대조 후보,목록 확인; 상세 주문상태 미확인,미확인,6×14×35mm; 상세 나사 미확인,https://buyrc.co.kr/product/product_detail.asp?product_number=99060
