품목,제조사,모델,구매단위수량_0은미정,규격,CAD상태,조달상태,미해결
구동모터,ServoCity,5303-2402-0051,4,24V 50.9:1 8mm REX,제조사 STEP 적용,판매등록; 재고/국내배송 미확인,정격 듀티 제한; 방수/연속운전 미검증
상부 현가암,Traxxas,8929,2,2개/포장; 일반 폭,임시 공간 형상,판매등록 확인; 재고 미확인,피벗 좌표/하중 미확인
하부 현가암,Traxxas,8930,2,2개/포장; 일반 폭,임시 공간 형상,판매등록 확인; 재고 미확인,피벗 좌표/하중 미확인
전륜 C허브,Traxxas,8932,1,좌우 세트,임시 공간 형상,제조사 부품표; 재고 미확인,킹핀 좌표/오프셋 미확인
전륜 너클,Traxxas,8937,1,좌우 세트,임시 공간 형상,제조사 판매등록; 재고 미확인,베어링 배치/타이로드 좌표 미확인
후륜 캐리어,Traxxas,8952,1,좌우 세트,임시 공간 형상,제조사 부품표; 재고 미확인,장착 치수 미확인
CV 축,Traxxas,8950X,1,4개 세트; 일반 폭,임시 공간 형상,Hub Hobby In stock 표시,신축량/허용각/토크 미확인
드라이브 컵,Traxxas,8951,4,8950X용; 세트 포함 여부 확인,연결 공간만 표시,판매등록; 재고 미확인,모터축과 직접 호환 아님
휠 허브,Traxxas,8654,1,17mm; 4개,임시 공간 형상,제조사 등록; 색상별 재고 확인,8950X와 연결; 휠 오프셋 미확인
휠 너트,Traxxas,7758,1,4개,세부 형상 미작성,제조사 부품표; 재고 미확인,8950X/8654 조합 부속
쇼크,Traxxas,8961,2,2개/포장; 스프링 별도,임시 공간 형상,판매등록; 재고 미확인,최소/최대 길이와 스프링 선정 필요
조향 벨크랭크,Traxxas,8946,1,서보세이버/드래그링크 포함,임시 공간 형상,판매등록; 재고 미확인,피벗 거리와 서보 혼 연결 미확인
조향 서보,Traxxas,2280,1,6V 600oz-in급 후보,임시 공간 형상,제조사 구매링크; 재고 미확인,혼/공급전원/필요토크 미확인
타이어/휠,미선정,TBD,4,공간 예약 Ø160×60,임시 공간 형상,미선정,17mm 허브 실제 호환 필요
스프링/핀/베어링/타이로드,미선정,TBD,0,쇼크/암/너클 치수 확인 후 수량 확정,미완료,미선정,임의 규격 구매 금지
모터 드라이버/전원,미선정,TBD,0,4모터 엔코더/전류제한; 배터리 미정,미작성,미선정,서보 별도 DC전원 포함
샤시/데크/브래킷,별도 가공,CUSTOM-R0,1,가공안; 치수 잠정,새 형상 작성,구매 샤시 사용 안 함,현가 장착 치수 확보 후 가공도 확정
8REX-CV 어댑터,별도 가공,TBD-ADAPTER,4,출력컵 지지 포함 상세 설계 필요,공간만 표시,맞춤 가공,축하중을 모터 베어링에 임의 부과하지 말 것
