Name,Description,Evidence,Volume_mm3
RailN1,6061-T6 각관 40H×20W×2 / L446,Beam estimate excludes halfshaft apertures; local reinforcement/FEA pending,98295.504561362
Rail1,6061-T6 각관 40H×20W×2 / L447,Beam estimate excludes halfshaft apertures; local reinforcement/FEA pending,98295.504561362
Cross0,크로스멤버 30H×20×2 / 축 통과공,CUSTOM preliminary geometry; joint detail and production tolerances pending,21464.247839896398
Cross1,크로스멤버 30H×20×2 / 축 통과공001,CUSTOM preliminary geometry; joint detail and production tolerances pending,21464.247839896398
Cross2,크로스멤버 30H×20×2 / 축 통과공002,CUSTOM preliminary geometry; joint detail and production tolerances pending,21464.247839896398
Cross3,크로스멤버 30H×20×2 / 축 통과공003,CUSTOM preliminary geometry; joint detail and production tolerances pending,21464.247839896398
Skid,하부 스키드 3mm,CUSTOM preliminary geometry; joint detail and production tolerances pending,214080.0
BumperN1,보호 범퍼 / 총길이550,CUSTOM preliminary geometry; joint detail and production tolerances pending,25919.999999999993
Bumper1,보호 범퍼 / 총길이551,CUSTOM preliminary geometry; joint detail and production tolerances pending,25919.999999999993
FRLowerArm,FR Lower 신규14mm 암,CUSTOM preliminary geometry; joint detail and production tolerances pending,32177.07012795757
FRLowerPin,FR Lower D8 힌지핀,CUSTOM preliminary geometry; joint detail and production tolerances pending,4021.238596594935
FRLowerEar0,FR 이중전단 피벗 귀,CUSTOM preliminary geometry; joint detail and production tolerances pending,2002.4071052553797
FRLowerEar1,FR 이중전단 피벗 귀001,CUSTOM preliminary geometry; joint detail and production tolerances pending,2002.4071052553797
FRUpperArm,FR Upper 신규14mm 암,CUSTOM preliminary geometry; joint detail and production tolerances pending,32177.07012795757
FRUpperPin,FR Upper D8 힌지핀,CUSTOM preliminary geometry; joint detail and production tolerances pending,4021.238596594935
FRUpperEar0,FR 이중전단 피벗 귀002,CUSTOM preliminary geometry; joint detail and production tolerances pending,2002.4071052553797
FRUpperEar1,FR 이중전단 피벗 귀003,CUSTOM preliminary geometry; joint detail and production tolerances pending,2002.4071052553797
FRPivotTower,FR 피벗 지지 타워,CUSTOM preliminary geometry; joint detail and production tolerances pending,23807.99999999999
FRHubHousing,FR 새 허브 하우징 / D28 베어링 시트,CUSTOM preliminary geometry; joint detail and production tolerances pending,19201.414298740816
FRBearing0,FR 6001 규격 12×28×8,NSK6001 published12x28x8; radial rating5600N/static2370N for referenced open type; seal suffix and fits pending,4021.238596594934
FRBearing1,FR 6001 규격 12×28×001,NSK6001 published12x28x8; radial rating5600N/static2370N for referenced open type; seal suffix and fits pending,4021.238596594934
FRSpindle,FR D12 새 허브 축,"CUSTOM steel; certified yield>=350MPa required; shoulders, splines and fatigue pending",6785.840131753954
FRHubFlange,FR 신규6볼트 휠 플랜지,CUSTOM preliminary geometry; joint detail and production tolerances pending,4108.260713099375
FRUpright,FR 상하암 연결 업라이트,CUSTOM preliminary geometry; joint detail and production tolerances pending,4992.0
FRJoint68,FR 구면조인트 공간,CUSTOM preliminary geometry; joint detail and production tolerances pending,1436.7550402417328
FRJoint118,FR 구면조인트 공간001,CUSTOM preliminary geometry; joint detail and production tolerances pending,1436.7550402417328
FRShockLowerTab,FR 쇼크 하단 지지 공간,CUSTOM preliminary geometry; joint detail and production tolerances pending,1922.6547039969532
FRShockShaft,FR D8 쇼크 로드,CUSTOM preliminary geometry; joint detail and production tolerances pending,5396.228388881815
FRShockBody,FR 대구경 쇼크 D28 공간,CUSTOM damper envelope; no supplier force-velocity or bottom-out rating selected,40242.20703945108
FRCatalogSpring,FR SWL16-100 외형 / 별치 스프링 후보,"MISUMI SWL16-100: OD16 ID8 free100 k8.6N/mm; envelope only, not wire geometry. Source https://tw.misumi-ec.com/pdf/fa/2015/p2_395.pdf",13717.529156088623
FRSpringSeatLower,FR 스프링 받침 / 상세 체결 미완료,CUSTOM preliminary geometry; joint detail and production tolerances pending,851.9056798739446
FRSpringSeatUpper,FR 스프링 받침 / 상세 체결 미완료001,CUSTOM preliminary geometry; joint detail and production tolerances pending,851.9056798739432
FRSpringLowerBridge,FR 별치 스프링 하부 연결 브래킷,CUSTOM preliminary geometry; joint detail and production tolerances pending,3166.725394818511
FRSpringUpperBridge,FR 별치 스프링 상부 연결 브래킷,CUSTOM preliminary geometry; joint detail and production tolerances pending,3166.7253948185107
FRSpringGuide,FR D6 가이드 예약공간 / 신축 구조 미완료,"Envelope only; telescopic guide, retention and end stops not detailed",3035.378468746023
FRShockTower,FR 쇼크 타워 각관,CUSTOM preliminary geometry; joint detail and production tolerances pending,18239.999999999996
FRShockTab,FR 쇼크 상단 브래킷,CUSTOM preliminary geometry; joint detail and production tolerances pending,1696.4600329384882
FRBumpStop,FR 범프스톱 공간 / 강성 미선정,CUSTOM preliminary geometry; joint detail and production tolerances pending,3199.999999999999
FRHalfshaft,FR 신규 D10 반축,"D10 torsion8Nm check; joint articulation, plunge and differential coupling pending",7895.986285880885
FRCV25,FR CV 조인트 예약공간,ENVELOPE ONLY; torque-rated CV not selected,4188.790204786391
FRCV124,FR CV 조인트 예약공간001,ENVELOPE ONLY; torque-rated CV not selected,4188.790204786391
FRTire,FR D145×69 타이어 공간,D145 retained; tire load rating for25kg must be obtained,639958.9168976723
FRWheel,FR 신규 플랜지 휠 (17mmHex 미사용),CUSTOM preliminary geometry; joint detail and production tolerances pending,112823.0744905741
FLLowerArm,FL Lower 신규14mm 암,CUSTOM preliminary geometry; joint detail and production tolerances pending,32177.070127322633
FLLowerPin,FL Lower D8 힌지핀,CUSTOM preliminary geometry; joint detail and production tolerances pending,4021.238596594935
FLLowerEar0,FL 이중전단 피벗 귀,CUSTOM preliminary geometry; joint detail and production tolerances pending,2002.4071052553797
FLLowerEar1,FL 이중전단 피벗 귀001,CUSTOM preliminary geometry; joint detail and production tolerances pending,2002.4071052553797
FLUpperArm,FL Upper 신규14mm 암,CUSTOM preliminary geometry; joint detail and production tolerances pending,32177.070127322626
FLUpperPin,FL Upper D8 힌지핀,CUSTOM preliminary geometry; joint detail and production tolerances pending,4021.238596594935
FLUpperEar0,FL 이중전단 피벗 귀002,CUSTOM preliminary geometry; joint detail and production tolerances pending,2002.4071052553797
FLUpperEar1,FL 이중전단 피벗 귀003,CUSTOM preliminary geometry; joint detail and production tolerances pending,2002.4071052553797
FLPivotTower,FL 피벗 지지 타워,CUSTOM preliminary geometry; joint detail and production tolerances pending,23807.99999999999
FLHubHousing,FL 새 허브 하우징 / D28 베어링 시트,CUSTOM preliminary geometry; joint detail and production tolerances pending,19201.414298740816
FLBearing0,FL 6001 규격 12×28×8,NSK6001 published12x28x8; radial rating5600N/static2370N for referenced open type; seal suffix and fits pending,4021.2385965949347
FLBearing1,FL 6001 규격 12×28×001,NSK6001 published12x28x8; radial rating5600N/static2370N for referenced open type; seal suffix and fits pending,4021.2385965949347
FLSpindle,FL D12 새 허브 축,"CUSTOM steel; certified yield>=350MPa required; shoulders, splines and fatigue pending",6785.840131753954
FLHubFlange,FL 신규6볼트 휠 플랜지,CUSTOM preliminary geometry; joint detail and production tolerances pending,4108.260713099375
FLUpright,FL 상하암 연결 업라이트,CUSTOM preliminary geometry; joint detail and production tolerances pending,4992.0
FLJoint68,FL 구면조인트 공간,CUSTOM preliminary geometry; joint detail and production tolerances pending,1436.7550402417328
FLJoint118,FL 구면조인트 공간001,CUSTOM preliminary geometry; joint detail and production tolerances pending,1436.7550402417328
FLShockLowerTab,FL 쇼크 하단 지지 공간,CUSTOM preliminary geometry; joint detail and production tolerances pending,1922.6547039969532
FLShockShaft,FL D8 쇼크 로드,CUSTOM preliminary geometry; joint detail and production tolerances pending,5396.228388881813
FLShockBody,FL 대구경 쇼크 D28 공간,CUSTOM damper envelope; no supplier force-velocity or bottom-out rating selected,40242.207039451074
FLCatalogSpring,FL SWL16-100 외형 / 별치 스프링 후보,"MISUMI SWL16-100: OD16 ID8 free100 k8.6N/mm; envelope only, not wire geometry. Source https://tw.misumi-ec.com/pdf/fa/2015/p2_395.pdf",13717.529156088623
FLSpringSeatLower,FL 스프링 받침 / 상세 체결 미완료,CUSTOM preliminary geometry; joint detail and production tolerances pending,851.9056798739443
FLSpringSeatUpper,FL 스프링 받침 / 상세 체결 미완료001,CUSTOM preliminary geometry; joint detail and production tolerances pending,851.9056798739437
FLSpringLowerBridge,FL 별치 스프링 하부 연결 브래킷,CUSTOM preliminary geometry; joint detail and production tolerances pending,3166.7253948185116
FLSpringUpperBridge,FL 별치 스프링 상부 연결 브래킷,CUSTOM preliminary geometry; joint detail and production tolerances pending,3166.7253948185107
FLSpringGuide,FL D6 가이드 예약공간 / 신축 구조 미완료,"Envelope only; telescopic guide, retention and end stops not detailed",3035.378468746024
FLShockTower,FL 쇼크 타워 각관,CUSTOM preliminary geometry; joint detail and production tolerances pending,18239.999999999996
FLShockTab,FL 쇼크 상단 브래킷,CUSTOM preliminary geometry; joint detail and production tolerances pending,1696.4600329384884
FLBumpStop,FL 범프스톱 공간 / 강성 미선정,CUSTOM preliminary geometry; joint detail and production tolerances pending,3199.999999999999
FLHalfshaft,FL 신규 D10 반축,"D10 torsion8Nm check; joint articulation, plunge and differential coupling pending",7895.986285880886
FLCV25,FL CV 조인트 예약공간,ENVELOPE ONLY; torque-rated CV not selected,4188.790204786391
FLCV124,FL CV 조인트 예약공간001,ENVELOPE ONLY; torque-rated CV not selected,4188.790204786391
FLTire,FL D145×69 타이어 공간,D145 retained; tire load rating for25kg must be obtained,639958.9168976723
FLWheel,FL 신규 플랜지 휠 (17mmHex 미사용),CUSTOM preliminary geometry; joint detail and production tolerances pending,112823.07449057406
RRLowerArm,RR Lower 신규14mm 암,CUSTOM preliminary geometry; joint detail and production tolerances pending,32177.07012795757
RRLowerPin,RR Lower D8 힌지핀,CUSTOM preliminary geometry; joint detail and production tolerances pending,4021.238596594935
RRLowerEar0,RR 이중전단 피벗 귀,CUSTOM preliminary geometry; joint detail and production tolerances pending,2002.4071052553797
RRLowerEar1,RR 이중전단 피벗 귀001,CUSTOM preliminary geometry; joint detail and production tolerances pending,2002.4071052553797
RRUpperArm,RR Upper 신규14mm 암,CUSTOM preliminary geometry; joint detail and production tolerances pending,32177.07012795757
RRUpperPin,RR Upper D8 힌지핀,CUSTOM preliminary geometry; joint detail and production tolerances pending,4021.238596594935
RRUpperEar0,RR 이중전단 피벗 귀002,CUSTOM preliminary geometry; joint detail and production tolerances pending,2002.4071052553797
RRUpperEar1,RR 이중전단 피벗 귀003,CUSTOM preliminary geometry; joint detail and production tolerances pending,2002.4071052553797
RRPivotTower,RR 피벗 지지 타워,CUSTOM preliminary geometry; joint detail and production tolerances pending,23807.99999999999
RRHubHousing,RR 새 허브 하우징 / D28 베어링 시트,CUSTOM preliminary geometry; joint detail and production tolerances pending,19201.414298740816
RRBearing0,RR 6001 규격 12×28×8,NSK6001 published12x28x8; radial rating5600N/static2370N for referenced open type; seal suffix and fits pending,4021.238596594934
RRBearing1,RR 6001 규격 12×28×001,NSK6001 published12x28x8; radial rating5600N/static2370N for referenced open type; seal suffix and fits pending,4021.238596594934
RRSpindle,RR D12 새 허브 축,"CUSTOM steel; certified yield>=350MPa required; shoulders, splines and fatigue pending",6785.840131753954
RRHubFlange,RR 신규6볼트 휠 플랜지,CUSTOM preliminary geometry; joint detail and production tolerances pending,4108.260713099375
RRUpright,RR 상하암 연결 업라이트,CUSTOM preliminary geometry; joint detail and production tolerances pending,4992.0
RRJoint68,RR 구면조인트 공간,CUSTOM preliminary geometry; joint detail and production tolerances pending,1436.7550402417328
RRJoint118,RR 구면조인트 공간001,CUSTOM preliminary geometry; joint detail and production tolerances pending,1436.7550402417328
RRShockLowerTab,RR 쇼크 하단 지지 공간,CUSTOM preliminary geometry; joint detail and production tolerances pending,1922.6547039969532
RRShockShaft,RR D8 쇼크 로드,CUSTOM preliminary geometry; joint detail and production tolerances pending,5396.228388881815
RRShockBody,RR 대구경 쇼크 D28 공간,CUSTOM damper envelope; no supplier force-velocity or bottom-out rating selected,40242.20703945108
RRCatalogSpring,RR SWL16-100 외형 / 별치 스프링 후보,"MISUMI SWL16-100: OD16 ID8 free100 k8.6N/mm; envelope only, not wire geometry. Source https://tw.misumi-ec.com/pdf/fa/2015/p2_395.pdf",13717.529156088623
RRSpringSeatLower,RR 스프링 받침 / 상세 체결 미완료,CUSTOM preliminary geometry; joint detail and production tolerances pending,851.9056798739446
RRSpringSeatUpper,RR 스프링 받침 / 상세 체결 미완료001,CUSTOM preliminary geometry; joint detail and production tolerances pending,851.9056798739432
RRSpringLowerBridge,RR 별치 스프링 하부 연결 브래킷,CUSTOM preliminary geometry; joint detail and production tolerances pending,3166.725394818511
RRSpringUpperBridge,RR 별치 스프링 상부 연결 브래킷,CUSTOM preliminary geometry; joint detail and production tolerances pending,3166.7253948185107
RRSpringGuide,RR D6 가이드 예약공간 / 신축 구조 미완료,"Envelope only; telescopic guide, retention and end stops not detailed",3035.3784687460225
RRShockTower,RR 쇼크 타워 각관,CUSTOM preliminary geometry; joint detail and production tolerances pending,18239.999999999996
RRShockTab,RR 쇼크 상단 브래킷,CUSTOM preliminary geometry; joint detail and production tolerances pending,1696.4600329384882
RRBumpStop,RR 범프스톱 공간 / 강성 미선정,CUSTOM preliminary geometry; joint detail and production tolerances pending,3199.999999999999
RRHalfshaft,RR 신규 D10 반축,"D10 torsion8Nm check; joint articulation, plunge and differential coupling pending",7895.986285880886
RRCV25,RR CV 조인트 예약공간,ENVELOPE ONLY; torque-rated CV not selected,4188.790204786391
RRCV124,RR CV 조인트 예약공간001,ENVELOPE ONLY; torque-rated CV not selected,4188.790204786391
RRTire,RR D145×69 타이어 공간,D145 retained; tire load rating for25kg must be obtained,639958.9168976723
RRWheel,RR 신규 플랜지 휠 (17mmHex 미사용),CUSTOM preliminary geometry; joint detail and production tolerances pending,112823.0744905741
RLLowerArm,RL Lower 신규14mm 암,CUSTOM preliminary geometry; joint detail and production tolerances pending,32177.070127322633
RLLowerPin,RL Lower D8 힌지핀,CUSTOM preliminary geometry; joint detail and production tolerances pending,4021.238596594935
RLLowerEar0,RL 이중전단 피벗 귀,CUSTOM preliminary geometry; joint detail and production tolerances pending,2002.4071052553797
RLLowerEar1,RL 이중전단 피벗 귀001,CUSTOM preliminary geometry; joint detail and production tolerances pending,2002.4071052553797
RLUpperArm,RL Upper 신규14mm 암,CUSTOM preliminary geometry; joint detail and production tolerances pending,32177.070127322633
RLUpperPin,RL Upper D8 힌지핀,CUSTOM preliminary geometry; joint detail and production tolerances pending,4021.238596594935
RLUpperEar0,RL 이중전단 피벗 귀002,CUSTOM preliminary geometry; joint detail and production tolerances pending,2002.4071052553797
RLUpperEar1,RL 이중전단 피벗 귀003,CUSTOM preliminary geometry; joint detail and production tolerances pending,2002.4071052553797
RLPivotTower,RL 피벗 지지 타워,CUSTOM preliminary geometry; joint detail and production tolerances pending,23807.99999999999
RLHubHousing,RL 새 허브 하우징 / D28 베어링 시트,CUSTOM preliminary geometry; joint detail and production tolerances pending,19201.414298740816
RLBearing0,RL 6001 규격 12×28×8,NSK6001 published12x28x8; radial rating5600N/static2370N for referenced open type; seal suffix and fits pending,4021.2385965949347
RLBearing1,RL 6001 규격 12×28×001,NSK6001 published12x28x8; radial rating5600N/static2370N for referenced open type; seal suffix and fits pending,4021.2385965949347
RLSpindle,RL D12 새 허브 축,"CUSTOM steel; certified yield>=350MPa required; shoulders, splines and fatigue pending",6785.840131753954
RLHubFlange,RL 신규6볼트 휠 플랜지,CUSTOM preliminary geometry; joint detail and production tolerances pending,4108.260713099375
RLUpright,RL 상하암 연결 업라이트,CUSTOM preliminary geometry; joint detail and production tolerances pending,4992.0
RLJoint68,RL 구면조인트 공간,CUSTOM preliminary geometry; joint detail and production tolerances pending,1436.7550402417328
RLJoint118,RL 구면조인트 공간001,CUSTOM preliminary geometry; joint detail and production tolerances pending,1436.7550402417328
RLShockLowerTab,RL 쇼크 하단 지지 공간,CUSTOM preliminary geometry; joint detail and production tolerances pending,1922.6547039969532
RLShockShaft,RL D8 쇼크 로드,CUSTOM preliminary geometry; joint detail and production tolerances pending,5396.228388881814
RLShockBody,RL 대구경 쇼크 D28 공간,CUSTOM damper envelope; no supplier force-velocity or bottom-out rating selected,40242.207039451074
RLCatalogSpring,RL SWL16-100 외형 / 별치 스프링 후보,"MISUMI SWL16-100: OD16 ID8 free100 k8.6N/mm; envelope only, not wire geometry. Source https://tw.misumi-ec.com/pdf/fa/2015/p2_395.pdf",13717.529156088627
RLSpringSeatLower,RL 스프링 받침 / 상세 체결 미완료,CUSTOM preliminary geometry; joint detail and production tolerances pending,851.9056798739443
RLSpringSeatUpper,RL 스프링 받침 / 상세 체결 미완료001,CUSTOM preliminary geometry; joint detail and production tolerances pending,851.9056798739437
RLSpringLowerBridge,RL 별치 스프링 하부 연결 브래킷,CUSTOM preliminary geometry; joint detail and production tolerances pending,3166.7253948185116
RLSpringUpperBridge,RL 별치 스프링 상부 연결 브래킷,CUSTOM preliminary geometry; joint detail and production tolerances pending,3166.7253948185107
RLSpringGuide,RL D6 가이드 예약공간 / 신축 구조 미완료,"Envelope only; telescopic guide, retention and end stops not detailed",3035.378468746023
RLShockTower,RL 쇼크 타워 각관,CUSTOM preliminary geometry; joint detail and production tolerances pending,18239.999999999996
RLShockTab,RL 쇼크 상단 브래킷,CUSTOM preliminary geometry; joint detail and production tolerances pending,1696.4600329384884
RLBumpStop,RL 범프스톱 공간 / 강성 미선정,CUSTOM preliminary geometry; joint detail and production tolerances pending,3199.999999999999
RLHalfshaft,RL 신규 D10 반축,"D10 torsion8Nm check; joint articulation, plunge and differential coupling pending",7895.986285880885
RLCV25,RL CV 조인트 예약공간,ENVELOPE ONLY; torque-rated CV not selected,4188.790204786391
RLCV124,RL CV 조인트 예약공간001,ENVELOPE ONLY; torque-rated CV not selected,4188.790204786391
RLTire,RL D145×69 타이어 공간,D145 retained; tire load rating for25kg must be obtained,639958.9168976723
RLWheel,RL 신규 플랜지 휠 (17mmHex 미사용),CUSTOM preliminary geometry; joint detail and production tolerances pending,112823.07449057406
RearDiffEnvelope,Rear 디퍼렌셜 예약공간 / 정격 미선정,ENVELOPE ONLY: >=8Nm per output preliminary requirement; internal gears not designed,92736.0
CenterDiffEnvelope,Center 디퍼렌셜 예약공간 / 정격 미선정,ENVELOPE ONLY: >=8Nm per output preliminary requirement; internal gears not designed,92736.0
FrontDiffEnvelope,Front 디퍼렌셜 예약공간 / 정격 미선정,ENVELOPE ONLY: >=8Nm per output preliminary requirement; internal gears not designed,92736.0
CenterShaftN1,신규 D10 종방향 구동축,CUSTOM preliminary geometry; joint detail and production tolerances pending,10602.875205865552
CenterShaft1,신규 D10 종방향 구동축001,CUSTOM preliminary geometry; joint detail and production tolerances pending,10602.875205865552
ReducerEnvelope,추가4:1 감속기 예약공간 / 미선정,"RESERVED volume only; 4:1 stage proposal, no production gearbox or gear meshing designed",102375.0
OutriggerN150,데크 지지 크로스빔 20×20×2,CUSTOM preliminary geometry; joint detail and production tolerances pending,37440.000000000015
DeckPostN150N120,25×25×2 데크 기둥,CUSTOM preliminary geometry; joint detail and production tolerances pending,14719.999999999993
GussetN150N120,데크 기둥 삼각 보강판,CUSTOM preliminary geometry; joint detail and production tolerances pending,4199.999999999999
DeckPostN150120,25×25×2 데크 기둥001,CUSTOM preliminary geometry; joint detail and production tolerances pending,14719.999999999993
GussetN150120,데크 기둥 삼각 보강판001,CUSTOM preliminary geometry; joint detail and production tolerances pending,4199.999999999999
Outrigger150,데크 지지 크로스빔 20×20×001,CUSTOM preliminary geometry; joint detail and production tolerances pending,37440.000000000015
DeckPost150N120,25×25×2 데크 기둥002,CUSTOM preliminary geometry; joint detail and production tolerances pending,14719.999999999993
Gusset150N120,데크 기둥 삼각 보강판002,CUSTOM preliminary geometry; joint detail and production tolerances pending,4199.999999999999
DeckPost150120,25×25×2 데크 기둥003,CUSTOM preliminary geometry; joint detail and production tolerances pending,14719.999999999993
Gusset150120,데크 기둥 삼각 보강판003,CUSTOM preliminary geometry; joint detail and production tolerances pending,4200.0
SensorDeck,상부 데크400×300×4 / Z205,CUSTOM preliminary geometry; joint detail and production tolerances pending,480000.0
BatteryShelf,배터리 선반190×110×4,CUSTOM preliminary geometry; joint detail and production tolerances pending,83600.0
BatterySupportN90,배터리 선반 지지대,CUSTOM preliminary geometry; joint detail and production tolerances pending,26880.0
BatterySupport90,배터리 선반 지지대001,CUSTOM preliminary geometry; joint detail and production tolerances pending,26880.0
Battery,배터리154×43×25,Gens ace3S5000mAh candidate; runtime and electrical architecture pending,165550.0
Equipment_LidarBase,LiDAR 고정판 (100 × 100 × 4),CUSTOM PLACEHOLDER: assumed envelope; no manufacturer model selected; mounting and electrical compatibility unverified,40000.0
Equipment_LidarFoot,LiDAR 하부 하우징,CUSTOM PLACEHOLDER: assumed envelope; no manufacturer model selected; mounting and electrical compatibility unverified,87132.0722473129
Equipment_LidarWindow,LiDAR 스캔부 (외경 90 / 전체 높이 75),CUSTOM PLACEHOLDER: assumed envelope; no manufacturer model selected; mounting and electrical compatibility unverified,337171.43154652446
Equipment_LidarCap,LiDAR 상부 커버,CUSTOM PLACEHOLDER: assumed envelope; no manufacturer model selected; mounting and electrical compatibility unverified,44532.07586463532
Equipment_ControllerTray,제어보드 받침판,CUSTOM PLACEHOLDER: assumed envelope; no manufacturer model selected; mounting and electrical compatibility unverified,36000.0
Equipment_BoardPost0,제어보드 스페이서,CUSTOM PLACEHOLDER: assumed envelope; no manufacturer model selected; mounting and electrical compatibility unverified,226.19467105846508
Equipment_BoardPost1,제어보드 스페이서001,CUSTOM PLACEHOLDER: assumed envelope; no manufacturer model selected; mounting and electrical compatibility unverified,226.19467105846502
Equipment_BoardPost2,제어보드 스페이서002,CUSTOM PLACEHOLDER: assumed envelope; no manufacturer model selected; mounting and electrical compatibility unverified,226.19467105846508
Equipment_BoardPost3,제어보드 스페이서003,CUSTOM PLACEHOLDER: assumed envelope; no manufacturer model selected; mounting and electrical compatibility unverified,226.19467105846502
Equipment_ControllerPCB,제어보드 공간 모델 (100 × 80),CUSTOM PLACEHOLDER: assumed envelope; no manufacturer model selected; mounting and electrical compatibility unverified,15999.999999999998
Equipment_ControllerHeatsink,제어보드 방열부 공간,CUSTOM PLACEHOLDER: assumed envelope; no manufacturer model selected; mounting and electrical compatibility unverified,36000.0
Equipment_Fin0,방열핀,CUSTOM PLACEHOLDER: assumed envelope; no manufacturer model selected; mounting and electrical compatibility unverified,800.0
Equipment_Fin1,방열핀001,CUSTOM PLACEHOLDER: assumed envelope; no manufacturer model selected; mounting and electrical compatibility unverified,800.0
Equipment_Fin2,방열핀002,CUSTOM PLACEHOLDER: assumed envelope; no manufacturer model selected; mounting and electrical compatibility unverified,800.0
Equipment_Fin3,방열핀003,CUSTOM PLACEHOLDER: assumed envelope; no manufacturer model selected; mounting and electrical compatibility unverified,800.0
Equipment_Fin4,방열핀004,CUSTOM PLACEHOLDER: assumed envelope; no manufacturer model selected; mounting and electrical compatibility unverified,800.0
Equipment_Fin5,방열핀005,CUSTOM PLACEHOLDER: assumed envelope; no manufacturer model selected; mounting and electrical compatibility unverified,800.0
Equipment_Fin6,방열핀006,CUSTOM PLACEHOLDER: assumed envelope; no manufacturer model selected; mounting and electrical compatibility unverified,800.0
Equipment_Fin7,방열핀007,CUSTOM PLACEHOLDER: assumed envelope; no manufacturer model selected; mounting and electrical compatibility unverified,800.0
Equipment_ControllerPorts,제어보드 커넥터 공간,CUSTOM PLACEHOLDER: assumed envelope; no manufacturer model selected; mounting and electrical compatibility unverified,12600.0
Equipment_CameraFoot,전방 카메라 받침,CUSTOM PLACEHOLDER: assumed envelope; no manufacturer model selected; mounting and electrical compatibility unverified,11520.0
Equipment_CameraBracket,전방 카메라 수직 브래킷,CUSTOM PLACEHOLDER: assumed envelope; no manufacturer model selected; mounting and electrical compatibility unverified,6400.0
Equipment_CameraBody,전방 카메라 (45 × 50 × 40),CUSTOM PLACEHOLDER: assumed envelope; no manufacturer model selected; mounting and electrical compatibility unverified,90000.0
Equipment_CameraLens,카메라 렌즈 (+X 전방),CUSTOM PLACEHOLDER: assumed envelope; no manufacturer model selected; mounting and electrical compatibility unverified,8042.477193189871
Candidate_ESCTray,ESC 받침판 (후보),CUSTOM upper deck mounting; screw locations pending,11550.0
Candidate_AXE_ESC,AXE PLUS R3 ESC / 30113201 (후보),Published overall49.5x37.9x32.8 including fan; main-body/fan split schematic. 135A manufacturer rating is not motor continuous torque.,42773.94000000003
Candidate_ESCFan,ESC 냉각팬 공간 (후보),Published fan25x25x10; keep airflow clearance,6249.999999999999
CandidateMotor,AXE4274 1700KV 후보 / 재선정 검토,Manufacturer D42x74; continuous torque not published; not coupled to reserved reduction gearbox,102522.73465724931
SteeringCandidate,XW540-T260-R 외형 비교 / 감속기 필요,ROBOTIS envelope33.5x58.5x45.9mm. Output location/mount holes not modeled. Direct drive rejected by scrub torque screen. https://emanual.robotis.com/docs/en/dxl/x/xw540-t260/,89952.525
