Role,Maker,Part,Installed_quantity,Description,Known_interface,Open_item
front_diff,Traxxas,8991,1 assembly,Front complete differential,Maxx family,housing mount / output cup / torque rating missing
rear_diff,Traxxas,8992,1 assembly,Rear complete differential,Maxx family,housing mount / output cup / torque rating missing
center_diff,Traxxas,8980,1 assembly,Center complete differential,Maxx family,transmission support / input adaptation missing
cv_long,Traxxas,8996X,1 set of4,WideMaxx CV option,8654 +7758 required,joint-center length / plunge / angle / torque unknown
cv_short,Traxxas,8950X,alternative set of4,Standard Maxx CV option,8654 +7758 required,alternative to8996X; not additive
drive_cup,Traxxas,8951,4 installed; kit overlap to check,CV drive cup,4x15.8mm screw pin,do not duplicate kit contents
wheel_hub,Traxxas,8654 series,4 installed,17mm splined wheel hubs,manufacturer matched CV,replaces current six-bolt flange; offset unknown
wheel_nut,Traxxas,7758 series,4 installed,Wheel nuts,matched17mm hub,suffix/color and kit quantities to confirm
gearbox,Neugart,PLE040 i4,1 configured assembly,4:1 gearbox,D10h7 output /26mm,motor adapter order code and thermal approval missing
