wheel_travel_mm,arm_angle_deg,eye_length_mm,spring_compression_mm,spring_force_N
-10,-10.28656061147494,115.19108957546379,1.1962726841764635,10.287945083917586
-9,-9.248358337892206,114.41191191458576,1.9754503450544973,16.988872967468676
-8,-8.213210701738188,113.63187183875469,2.7554904208855646,23.697217619615856
-7,-7.180755781458282,112.85091405538944,3.536448204250817,30.413454556557028
-6,-6.150639827941038,112.06898657118033,4.318375688459923,37.13803092075534
-5,-5.122516099780907,111.28604063536004,5.101321624280217,43.87136596880987
-4,-4.096043758152333,110.50203070714174,5.8853315524985135,50.61385135148721
-3,-3.0708868110748644,109.71691444685905,6.670447812781205,57.36585118991836
-2,-2.046713097672579,108.93065273063999,7.456709529000264,64.12770194940227
-1,-1.0231933036861514,108.14320968873699,8.244152570903267,70.8997121097681
0,0.0,107.35455276791944,9.032809491720812,77.68216162879898
1,1.0231933036861514,106.56465281862256,9.822709441017693,84.47530119275216
2,2.046713097672579,105.77348420783984,10.613878051800413,91.27935124548354
3,3.0708868110748644,104.98102495905475,11.406337300585506,98.09450078503535
4,4.096043758152333,104.1872569208337,12.200105338806551,104.92090591373633
5,5.122516099780907,103.39216596605443,12.99519629358582,111.75868812483805
6,6.150639827941038,102.59574222412921,13.791620035511045,118.60793230539498
7,7.180755781458282,101.79798034900737,14.58938191063288,125.46868443144277
8,8.213210701738188,100.99887982621688,15.388482433423377,132.34094892744105
9,9.248358337892206,100.19844532273837,16.18891693690189,139.22468565735625
10,10.28656061147494,99.39668708411166,16.990675175528594,146.1198065095459
11,11.328188852068774,98.5936213838663,17.79374087577395,153.02617153165596
12,12.373625116188558,97.78927103116227,18.598091228477983,159.94358456491065
13,13.42326360347333,96.98366594344391,19.403696316196346,166.87178831928856
14,14.477512185929925,96.1768437919742,20.21051846766605,173.81045882192802
15,15.53679406815114,95.3688507293566,21.01851153028366,180.75919916043947
