Product ID,Part number,Title,Explicit specification,URL
1001,8426,ZD Racing 9021-V3 Parts Battery Box 8426,No dimensional specification found in product description,https://www.zd-racing.com/home/1001-zd-racing-9021-v3-parts-battery-box-8426.html
1002,8428,ZD Racing 9021-V3 Parts Center Differential Mount 8428,No dimensional specification found in product description,https://www.zd-racing.com/home/1002-zd-racing-9021-v3-parts-center-differential-mount-8428.html
1003,8456,ZD Racing 9021-V3 Parts Aluminium Motor Mount 8456,No dimensional specification found in product description,https://www.zd-racing.com/home/1003-zd-racing-9021-v3-parts-aluminium-motor-mount-8456.html
1014,8046,ZD Racing 9021-V3 Upgrade Parts Front Lower Suspension Bracket Mounts CNC 8046,No dimensional specification found in product description,https://www.zd-racing.com/home/1014-zd-racing-9021-v3-upgrade-parts-front-lower-suspension-bracket-mounts-cnc-8046.html
1016,8051,ZD Racing 9021-V3 Upgrade Parts Rear Hub Caries CNC 8051,No dimensional specification found in product description,https://www.zd-racing.com/home/1016-217-zd-racing-9021-v3-upgrade-parts-rear-hub-caries-cnc-8051.html
1017,8052,ZD Racing 9021-V3 Upgrade Parts Steering Cups CNC 8052,No dimensional specification found in product description,https://www.zd-racing.com/home/1017-zd-racing-9021-v3-upgrade-parts-steering-cups-cnc-8052.html
917,8073,ZD Racing 9021-V3 Parts Bearings 16X8X5 8073,Size: 16X8X5,https://www.zd-racing.com/home/917-zd-racing-9021-v3-parts-bearings-16x8x5-8073.html
928,8091,ZD Racing 9021-V3 Parts Bearings 10x6x3 12x6x4 8091,"Size: 10x6x3, 12x6x4",https://www.zd-racing.com/home/928-zd-racing-9021-v3-parts-bearings-10x6x3-12x6x4-8091.html
931,8215,ZD Racing 9021-V3 Parts Crown Gear 38T front or Read 8215,Specification: 38T,https://www.zd-racing.com/home/931-zd-racing-9021-v3-parts-crown-gear-38t-front-or-read-8215.html
935,8243,ZD Racing 9021-V3 Upgrade Parts Metal 46T Spur Gear 8243,Specification: 46T,https://www.zd-racing.com/home/935-zd-racing-9021-v3-upgrade-parts-metal-46t-spur-gear-8243.html
940,8166,ZD Racing 9021-V3 Parts Center Differential Pillars 8166,No dimensional specification found in product description,https://www.zd-racing.com/home/940-zd-racing-9021-v3-parts-center-differential-pillars-8166.html
941,8171,ZD Racing 9021-V3 Parts Pins For C-mount Up Suspension Arm and Rear Hub Carrier 8171,No dimensional specification found in product description,https://www.zd-racing.com/home/941-zd-racing-9021-v3-parts-pins-for-c-mount-up-suspension-arm-and-rear-hub-carrier-8171.html
943,8005,ZD Racing 9021-V3 Parts Front Shock Absorber Shafts 8005,No dimensional specification found in product description,https://www.zd-racing.com/home/943-zd-racing-9021-v3-parts-front-shock-absorber-shafts-8005.html
944,8006,ZD Racing 9021-V3 Parts Rear Shock Absorber Shafts 8006,No dimensional specification found in product description,https://www.zd-racing.com/home/944-zd-racing-9021-v3-parts-rear-shock-absorber-shafts-8006.html
945,8007,ZD Racing 9021-V3 Parts Shock Absorber Bushing 8007,No dimensional specification found in product description,https://www.zd-racing.com/home/945-zd-racing-9021-v3-parts-shock-absorber-bushing-8007.html
946,8008,ZD Racing 9021-V3 Parts Differential CNC 8008,No dimensional specification found in product description,https://www.zd-racing.com/home/946-zd-racing-9021-v3-parts-differential-cnc-8008.html
947,8010,ZD Racing 9021-V3 Parts Differential Case 8010,No dimensional specification found in product description,https://www.zd-racing.com/home/947-zd-racing-9021-v3-parts-differential-case-8010.html
948,8011,ZD Racing 9021-V3 Parts Planet Gear Joints 8011,No dimensional specification found in product description,https://www.zd-racing.com/home/948-zd-racing-9021-v3-parts-planet-gear-joints-8011.html
949,8012,ZD Racing 9021-V3 Parts Center Differential Joints 8012,No dimensional specification found in product description,https://www.zd-racing.com/home/949-zd-racing-9021-v3-parts-center-differential-joints-8012.html
951,8025,ZD Racing 9021-V3 Parts Gear Case 8025,No dimensional specification found in product description,https://www.zd-racing.com/home/951-zd-racing-9021-v3-parts-gear-case-8025.html
952,8028,ZD Racing 9021-V3 Parts Steering set 8028,No dimensional specification found in product description,https://www.zd-racing.com/home/952-zd-racing-9021-v3-parts-steering-set-8028.html
953,8032,ZD Racing 9021-V3 Parts Steering Shafts 8032,No dimensional specification found in product description,https://www.zd-racing.com/home/953-zd-racing-9021-v3-parts-steering-shafts-8032.html
954,8037,ZD Racing 9021-V3 Parts C-Mounts 8037,No dimensional specification found in product description,https://www.zd-racing.com/home/954-zd-racing-9021-v3-parts-c-mounts-8037.html
956,8043,ZD Racing 9021-V3 Parts Rear Anti-Roll Bars 8043,No dimensional specification found in product description,https://www.zd-racing.com/home/956-zd-racing-9021-v3-parts-rear-anti-roll-bars-8043.html
957,8044,ZD Racing 9021-V3 Parts Front Anti-roll Bars 8044,No dimensional specification found in product description,https://www.zd-racing.com/home/957-zd-racing-9021-v3-parts-front-anti-roll-bars-8044.html
958,8049,ZD Racing 9021-V3 Parts Steering Conecting Plate CNC Machined 8049,No dimensional specification found in product description,https://www.zd-racing.com/home/958-zd-racing-9021-v3-parts-steering-conecting-plate-cnc-machined-8049.html
959,8054,ZD Racing 9021-V3 Parts Pins for Lower Suspension Arms 8054,No dimensional specification found in product description,https://www.zd-racing.com/home/959-zd-racing-9021-v3-parts-pins-for-lower-suspension-arms-8054.html
961,8068,ZD Racing 9021-V3 Parts Hex Wheel Hub Mounts 8068,No dimensional specification found in product description,https://www.zd-racing.com/home/961-zd-racing-9021-v3-parts-hex-wheel-hub-mounts-8068.html
966,8156,ZD Racing 9021-V3 Parts Center Differential Complete 8156,No dimensional specification found in product description,https://www.zd-racing.com/home/966-zd-racing-9021-v3-parts-center-differential-complete-8156.html
967,8157,ZD Racing 9021-V3 Parts Front and Rear Vertical Drive Shafts 8157,No dimensional specification found in product description,https://www.zd-racing.com/home/967-zd-racing-9021-v3-parts-front-and-rear-vertical-drive-shafts-8157.html
968,8158,ZD Racing 9021-V3 Parts Front Horizontal Universal Shafts 8158,No dimensional specification found in product description,https://www.zd-racing.com/home/968-zd-racing-9021-v3-parts-front-horizontal-universal-shafts-8158.html
969,8159,ZD Racing 9021-V3 Parts Rear Horizontal Drive Shafts 8159,No dimensional specification found in product description,https://www.zd-racing.com/home/969-zd-racing-9021-v3-parts-rear-horizontal-drive-shafts-8159.html
970,8160,ZD Racing 9021-V3 Parts Front Upper Suspension Arms 8160,No dimensional specification found in product description,https://www.zd-racing.com/home/970-zd-racing-9021-v3-parts-front-upper-suspension-arms-8160.html
971,8161,ZD Racing 9021-V3 Parts Horizontal Steering Rods 8161,No dimensional specification found in product description,https://www.zd-racing.com/home/971-zd-racing-9021-v3-parts-horizontal-steering-rods-8161.html
972,8162,ZD Racing 9021-V3 Parts Rear Upper Suspension Arms 8162,No dimensional specification found in product description,https://www.zd-racing.com/home/972-zd-racing-9021-v3-parts-rear-upper-suspension-arms-8162.html
974,8169,ZD Racing 9021-V3 Parts Rear Lower Suspension Arm 8169,No dimensional specification found in product description,https://www.zd-racing.com/home/974-zd-racing-9021-v3-parts-rear-lower-suspension-arm-8169.html
975,8170,ZD Racing 9021-V3 Parts Front Lower Suspension Arm 8170,No dimensional specification found in product description,https://www.zd-racing.com/home/975-zd-racing-9021-v3-parts-front-lower-suspension-arm-8170.html
976,8173,ZD Racing 9021-V3 Parts Pre-Glued Tire 8173,No dimensional specification found in product description,https://www.zd-racing.com/home/976-zd-racing-9021-v3-parts-pre-glued-tire-8173.html
977,8174,ZD Racing 9021-V3 Parts Tire Rim set 8174,No dimensional specification found in product description,https://www.zd-racing.com/home/977-zd-racing-9021-v3-parts-tire-rim-set-8174.html
978,8175,ZD Racing 9021-V3 Parts Truggy Tires With Sponges 8175,No dimensional specification found in product description,https://www.zd-racing.com/home/978-zd-racing-9021-v3-parts-truggy-tires-with-sponges-8175.html
980,8177,ZD Racing 9021-V3 Parts Rear Upper Suspension Arm Mounts 8177,No dimensional specification found in product description,https://www.zd-racing.com/home/980-zd-racing-9021-v3-parts-rear-upper-suspension-arm-mounts-8177.html
984,8217,ZD Racing 9021-V3 Parts Front Bumper 8217,No dimensional specification found in product description,https://www.zd-racing.com/home/984-zd-racing-9021-v3-parts-front-bumper-8217.html
985,8220,ZD Racing 9021-V3 Parts Front Upper Plate CNC Machined 8220,No dimensional specification found in product description,https://www.zd-racing.com/home/985-zd-racing-9021-v3-parts-front-upper-plate-cnc-machined-8220.html
986,8227,ZD Racing 9021-V3 Parts Wheel Axles 8227,No dimensional specification found in product description,https://www.zd-racing.com/home/986-zd-racing-9021-v3-parts-wheel-axles-8227.html
987,8228,ZD Racing 9021-V3 Parts Drive Gear Connecting Cups 8228,No dimensional specification found in product description,https://www.zd-racing.com/home/987-zd-racing-9021-v3-parts-drive-gear-connecting-cups-8228.html
988,8245,ZD Racing 9021-V3 Parts Center Differential Mounting Plate 8245,No dimensional specification found in product description,https://www.zd-racing.com/home/988-zd-racing-9021-v3-parts-center-differential-mounting-plate-8245.html
989,8261,ZD Racing 9021-V3 Parts Front Shock Plate 8261,No dimensional specification found in product description,https://www.zd-racing.com/home/989-zd-racing-9021-v3-parts-front-shock-plate-8261.html
990,8262,ZD Racing 9021-V3 Parts Rear Shock Plate 8262,No dimensional specification found in product description,https://www.zd-racing.com/home/990-zd-racing-9021-v3-parts-rear-shock-plate-8262.html
991,8265,ZD Racing 9021-V3 Parts Receiver Box ESC Mount 8265,No dimensional specification found in product description,https://www.zd-racing.com/home/991-zd-racing-9021-v3-parts-receiver-box-esc-mount-8265.html
992,8266,ZD Racing 9021-V3 Parts Rear Support Brace 8266,No dimensional specification found in product description,https://www.zd-racing.com/home/992-zd-racing-9021-v3-parts-rear-support-brace-8266.html
993,8267,ZD Racing 9021-V3 Parts Front Support Brace 8267,No dimensional specification found in product description,https://www.zd-racing.com/home/993-zd-racing-9021-v3-parts-front-support-brace-8267.html
997,8317,ZD Racing 9021-V3 Parts Front Shock Absorbers 8317,No dimensional specification found in product description,https://www.zd-racing.com/home/997-zd-racing-9021-v3-parts-front-shock-absorbers-8317.html
998,8318,ZD Racing 9021-V3 Parts Rear Shock Absorbers 8318,No dimensional specification found in product description,https://www.zd-racing.com/home/998-zd-racing-9021-v3-parts-rear-shock-absorbers-8318.html
