part,confirmed_catalog_mm,missing_to_release
ARA550059,D169; W81.5; hex17,wheel mounting face offset
AR330380,D4 L46,arm and support spacing
AR330381,D4 L67.5,arm and support spacing
AR310590,D8 L44.5,bearing span and wheel offset
AR310591,D8 L45,bearing span and wheel offset
AR310458,nominal142,joint-center definition; plunge; angle; torque
AR310459,nominal139,cup engagement and joint-center length
MAK115FAA-R-S,nominal115; shaft5,eye centers min/max; ball interface; spring rate
MAK135RAA-R-S,nominal135; shaft5,eye centers min/max; ball interface; spring rate
RC935DMG,voltage4.8-7.2V,mounting drawing; spline; torque voltage condition
